name,abb,CAS,synonyms,tags
"1,2-polybutylene",PB,9003-28-5,"Poly(butene-1), poly(but-1-ene), poly(1-ethylethylene), Poly(ethyl ethylene)",Polyolefins
Acrylic ester rubber,ACM,,ANM,Polyacrylates
acrylonitrile-butadiene-acrylate copolymer,PAEK,,ABA,"Polyacrylates, Polyacrylonitriles, Polyolefins"
acrylonitrile-butadiene elastomer,NBR,9003-18-3; 9005-98-5,"GR-N rubber, Acrylonitrile-butadiene rubber, BUNA-N, Nitrile rubber","Other copolymers, Polyacrylonitriles, Polydienes & polydiene copolymers"
alkyd resin,AK,63148-69-6,,"Aromatic, Other resins"
Bisphenol-A diglycidyl ether epoxy resin,DGEBA,,"Epoxy resin, Phenoxy resin, BADGE","Aromatic, Epoxy resins"
Bisphenol-F diglycidyl ether epoxy resin,DGEBF,,Poly(Bisphenol F-co-epichlorohydrin),"Aromatic, Epoxy resins, Polyamides"
Bisphenol A Polysulfone,"PSU, PSF",,"Poly{[bis(4-chlorophenyl)sulfone]-alt-[bisphenol-A]}, Bisphenol A-bis(chlorophenyl) sulfone copolymer, Udel ® P1700 & P3500",Aromatic
bromobutyl rubber,BIIR,68441-14-5,,"Halogenated, Polydienes & polydiene copolymers"
Carbon fiber reinforced carbon,CFC,,,Others
Carbon reinforced resin,CFR,,,Others
carboxylated ethylene copolymer,CEC,187410-30-6; 9078-96-0,,Other copolymers
cellulose acetate propionate,CAP,9004-39-1,,"Cellulose derivatives, Polysaccarides"
cellulose butyrate,CB,9015-12-7,,"Cellulose derivatives, Polysaccarides"
cellulose nitrate,CN,9004-70-0,Nitrocellulose,"Cellulose derivatives, Polysaccarides"
Cellulose proprionate,CP,,Cellulose esters,"Cellulose derivatives, Polysaccarides"
Chlorinated polypropylene,PPC,,,"Halogenated, Polyolefins"
chlorobutyl rubber,CIIR,68081-82-3,,"Halogenated, Polydienes & polydiene copolymers"
"cis-1,4-polybutadiene","PBD, cis",,,Polydienes & polydiene copolymers
cis-polyisoprene,"PIP, cis",,,Polydienes & polydiene copolymers
epoxy resin,EP,25036-25-3; 25068-38-6; 55818-57-0; 61788-97-4; 90598-46-2; 112-24-3,,Epoxy resins
ethene-vinyl acetate-vinyl alcohol terpolymers,,,,"Other copolymers, Polyolefins, Polyvinyl ethers, -esters  & derivatives"
ethylene-n-butyl acrylate-carbon monoxide terpolymer,EBCO,,,"Other copolymers, Polyacrylates, Polycarbonates, Polyolefins"
ethylene-propylene diene terpolymer,EPDM,25038-36-2; 308064-28-0,Ethene-propene-diene,"Other copolymers, Polyolefins"
ethylene propylene rubber,EPR,9010-79-1; 61789-00-2,EPM,Other copolymers
Expandable polystyrene,EPS,,,"Aromatic, Polystyrenes"
fluorosilicone elastomers,,,,"Halogenated, Polysiloxanes"
furan resin,FR,25054-13-1,FF,Other resins
glass fibre reinforced polymers,FRP,,"fibreglass, fiberglass, glass fibre, glass fiber",Others
Head-to-tail polydodecylthiophene,HT-PDDT,,,Others
high density polyethylene,HDPE,25213-02-9 (hexene); 26221-73.8 (octene),PEHD,Polyolefins
High impact polystyrene,HIPS,,,"Aromatic, Polystyrenes"
isobutylene-isoprene rubber,IIR,9010-85-9; 308063-42-5,"GR-I, Butyl rubber","Other copolymers, Polydienes & polydiene copolymers"
linear low density polyethylene,LLDPE,26221-73-8 (octene); 25087-34-7 (butene); 25213-02-9,PELLD,Polyolefins
liquid crystalline polymers,LCP,31072-56-7 (Xydar); 144114-03-4 (Vectra C),liquid crystal polymers,Aromatic
low density polyethylene,LDPE,9002-88-4,"PE-LD, PELD",Polyolefins
Medium-density polyethylene,PEMD,,,Polyolefins
melamine-formaldehyde resin,MF,9003-08-1,melamine,Other resins
melamine-phenolic resin,MP,35484-57-2,"MPF, Melamine -phenol-formaldehyde resin, melamine",Other resins
Nylon 10,PA10,,"Poly(decano-10-lactam), Poly(ω-decanamide)",Polyamides
Nylon 10-10,PA10-10,,"Poly(decamethylene sebacamide), Polyamide 10-10",Polyamides
"Nylon 6,9",PA6-9,,"Poly(hexamethylene azelamide), Polyamide 6-9",Polyamides
Nylon 8,PA8,,"Poly(8-aminooctanoic acid), Polycapryllactam, Poly(octano-8-lactam)",Polyamides
Olefin-CO copolymers,,,,"Other copolymers, Polyolefins"
perfluorinated ionomer,PFI,31175-20-9; 66796-30-3,,"Halogenated, Others"
perfluoroalkoxy resin,PFA,26655-00-5,,Other resins
phenol-formaldehyde resin,"PF, PFR",9003-35-4; 25104-55-6,"Resols, Novolacs, Cresol-formaldehyde resin (CF), bakelite",Other resins
phthalonitrile resin,PNR,,,"Aromatic, Other resins"
Poly(1-bromo-1-butenylene),,,,"Halogenated, Polydienes & polydiene copolymers"
Poly(1-ethyl-1-methylethylene),,,Poly(2-ethyl-propylene),Polyolefins
"Poly(1-ethyl-1,4-butadiene)",,,,Polydienes & polydiene copolymers
Poly(1-pentenylene),"PCP, PPT, CPR",,"Polypentenamer, Polycyclopentene",Polydienes & polydiene copolymers
"Poly(1,2,4-Triazole)",,,,Others
"Poly(1,3-propylene adipate)",,,,Polyesters
"Poly(1,3-propylene succinate)",,,Poly(trimethylene succinate),Polyesters
"Poly(1,4-butylene sebacate)",,,Poly(tetramethylene sebacate),Polyesters
"Poly(1,4-butylene succinate)",,,Poly(tetramethylene succinate),Polyesters
"Poly(1,4-pentadiene)",,,,Polydienes & polydiene copolymers
"poly(1,4-phenylene vinylene)",PPV,26009-24-5,Polyphenylenvinylen,"Aromatic, Polyphenylenes"
"poly(1,4-phenylene)",PPP,25190-62-9,,"Aromatic, Polyphenylenes"
"Poly(1,6-hexylene sebacate)",,,Poly(hexamethylene sebacate),Polyesters
"Poly(1,6-hexylene succinate)",,,,Polyesters
Poly(2-chloroethyl methacrylate),,,,"Halogenated, Polymethacrylates"
Poly(2-chlorostyrene),,,,"Aromatic, Halogenated, Polystyrenes"
Poly(2-cyanoethyl acrylate),,,,Polyacrylates
Poly(2-ethylhexyl acrylate),,,,Polyacrylates
Poly(2-methoxystyrene),,,,"Aromatic, Polystyrenes"
Poly(2-methylstyrene),,,,"Aromatic, Polystyrenes"
Poly(2-phenylethyl methacrylate),,,,"Aromatic, Polymethacrylates"
"Poly(2,2,3,3-tetrafluoropropyl acrylate)",,,,"Halogenated, Polyacrylates"
"Poly(2,2,3,3-tetrafluoropropyl methacrylate)",,,,"Halogenated, Polymethacrylates"
"Poly(2,3-dimethylbutadiene)",,,,Polydienes & polydiene copolymers
"Poly(2,5-difluorostyrene)",,,"Poly(1,4-difluoro-2-vinylbenzene)","Aromatic, Halogenated, Polystyrenes"
"Poly(2,5-Thienylene Vinylene)",,,,Others
"Poly(2,6-Pyridinediylvinylene)",,,,Others
"Poly(2,6,3',5'-tetrachloro bisphenol A carbonate)",,,,"Aromatic, Halogenated, Polycarbonates"
Poly(3-butoxypropylene oxide),,,,Polyglycols
Poly(3-chlorostyrene),,,,"Aromatic, Halogenated, Polystyrenes"
poly(3-hydroxybutyrate),PHB,26063-00-3; 26744-04-7; 31759-58-7,,Polyesters
Poly(3-methoxypropylene oxide),,,,Polyglycols
Poly(3-methylstyrene),,,,"Aromatic, Polystyrenes"
Poly(4-bromostyrene),,,,"Aromatic, Halogenated, Polystyrenes"
Poly(4-chlorophenyl acrylate),,,,"Aromatic, Halogenated, Polyacrylates"
Poly(4-chlorostyrene),,,,"Aromatic, Halogenated, Polystyrenes"
Poly(4-fluorostyrene),,,,"Aromatic, Halogenated, Polystyrenes"
Poly(4-methyl pentene-1),,,,Polyolefins
Poly(4-methylstyrene),"PMS, PpMS, PPMS",,,"Aromatic, Polystyrenes"
Poly(4-tert-butylcyclohexyl methacrylate),,,,Polymethacrylates
Poly(4-tert-butylstyrene),,,,"Aromatic, Polystyrenes"
"Poly(4,4'-pentamethylenedibenzoic anhydride)",,,,"Aromatic, Polyanhydrides"
"Poly(4,4'-thiodiphenylene carbonate)",,,,"Aromatic, Polycarbonates"
poly(acrylic acid),PAA,9003-01-4,,Polyacrylates
poly(acrylonitrile-co-butadiene-co-styrene),ABS,9003-56-9,"ABS Resins, Acrylonitrile-butadiene-styrene copolymers, Acrylonitrile butadiene styrene copolymer blend","Other copolymers, Polyacrylonitriles, Polydienes & polydiene copolymers, Polystyrenes"
poly(acrylonitrile-co-styrene-co-acrylate),ASA,9003-54-7; 26299-47-8; 26716-29-0,Acrylonitrile styrene acrylic ester copolymer blend,"Aromatic, Other copolymers, Polyacrylates, Polyacrylonitriles, Polystyrenes"
poly(amide imide),PAI,42955-03-3; 914797-27-6,,Polyamideimides
Poly(azelaic anhydride),,,,Polyanhydrides
Poly(benzyl acrylate),,,,"Aromatic, Polyacrylates"
Poly(benzyl methacrylate),,,,Polymethacrylates
Poly(bisphenol-A diglycidyl ether- alt - ethylenediamine),,,DGEBA-Edamine Epoxy,"Aromatic, Epoxy resins"
"Poly(bisphenol-A diglycidyl ether-alt-1,6-diamino hexane)",,,DGEBA-Hexanediamine Epoxy,"Aromatic, Epoxy resins"
"Poly(Bisphenol 
							A terephthalate)",,,,"Aromatic, Polyesters"
Poly(bisphenol A isophthalate),,,,"Aromatic, Polyesters"
Poly(bisphenol B carbonate),,,,"Aromatic, Polycarbonates"
Poly(bisphenol F carbonate),,,Poly[methane bis(4-phenyl)carbonate],"Aromatic, Polycarbonates"
"poly(buta-1,3-diene)",PBD,,"Polybutadiene rubbers, Polybutadiene",Polydienes & polydiene copolymers
poly(butadiene-co-acrylonitrile-co-acrylic acid),PBAA,25265-19-4,,"Other copolymers, Polyacrylates, Polyacrylonitriles, Polydienes & polydiene copolymers"
Poly(butyl acrylate),,,Polybutyl acrylate,Polyacrylates
Poly(butyl ethylene),,,Polybutyl ethylene,Polyolefins
"poly(butylene 2,6-naphthalate)",PBN,28779-82-0,,"Aromatic, Polyesters"
Poly(butylene adipate),,,,Polyesters
poly(butylene terephthalate),PBT,24968-12-5; 26062-94-2,Polybutylene terephthalate,"Aromatic, Polyesters"
Poly(cyanomethyl acrylate),PCMA,,Polycyanomethyl acrylate,Polyacrylates
Poly(cyclohexyl acrylate),,,Polycyclohexyl acrylate,Polyacrylates
Poly(cyclohexyl methacrylate),,,,Polymethacrylates
poly(cyclohexylene terephthalate),PCT,24936-69-4; 26124-27-6,,"Aromatic, Polyesters"
Poly(cyclohexylethylene),PVCH,,Poly(vinylcyclohexane),Polyolefins
poly(diallyl phthalate),DAP,25053-15-0,DAIP,"Aromatic, Polyesters"
Poly(dibutyl fumarate),,,,Polyfumarates
poly(dicyclopentadiene-co-p-cresol),PDPD,68610-51-5,,"Aromatic, Polydienes & polydiene copolymers"
Poly(diethyl fumarate),,,,Polyfumarates
Poly(diethylsiloxane),PDES,,,Polysiloxanes
Poly(dimethyl fumarate),,,,Polyfumarates
Poly(dimethyl itaconate),,,,Polyitaconate
Poly(dipropyl fumarate),,,,Polyfumarates
Poly(dodecyl methacrylate),,,,Polymethacrylates
Poly(ether ether sulfone),PEES,,"Poly(1,4-phenylene ether ether sulfone), Poly{[bis(4-chlorophenyl)sulfone]-alt-[hydroquinone]}, Radel®",Polysulphones
poly(ether imide),PEI,61128-46-9,polyether imide,"Polyethers, Polyimides"
poly(ether sulfone),PES,25667-42-9,poly(ether sulphone),Polysulphones
poly(ethyl-5-norbonene-2-carboxylate),,,,Others
poly(ethyl acrylate),PEA,9003-32-1,,Polyacrylates
Poly(ethyl cyanoacrylate),,,"Poly(ethyl α-cyanoacrylates), Polyethyl cyanoacrylate",Polycyanoacrylates
Poly(ethyl methacrylate),PEMA,,,Polymethacrylates
"poly(ethylene-co-1,4-cyclohexylenedimethylene terephthalate)",PCTG,25038-91-9,,"Aromatic, Other copolymers, Polyesters"
poly(ethylene-co-acrylic acid),EAA,9010-77-9,Ethene acrylic acid copolymers,"Other copolymers, Polyacrylates, Polyolefins"
poly(ethylene-co-butyl acrylate),EBAC,25750-84-9,,"Other copolymers, Polyacrylates, Polyolefins"
poly(ethylene-co-chlorotrifluoroethylene),ECTFE,25101-45-5; 9044-11-5,Ethylene chlorotrifluoroethylene copolymers,"Halogenated, Other copolymers, Polyolefins"
poly(ethylene-co-ethyl acrylate),EEAC,9010-86-0,EEA,"Other copolymers, Polyacrylates, Polyolefins"
poly(ethylene-co-methacrylic acid),PEM,25053-53-6,,"Other copolymers, Polymethacrylates"
poly(ethylene-co-methyl acrylate-co-acrylic acid),EMA-AA,41525-41-1,,"Other copolymers, Polyacrylates, Polyolefins"
poly(ethylene-co-methyl acrylate),EMA,25103-74-6,,Other copolymers
poly(ethylene-co-n-butyl acrylate),ENBA,25750-84-9,,Other copolymers
poly(ethylene-co-tetrafluoroethylene),ETFE,25038-71-5,Ethylene tetrafluoroethylene copolymers,"Halogenated, Other copolymers, Polyolefins"
"poly(ethylene 2,6-naphthalate)",PEN,24968-11-4; 25230-87-9,,"Aromatic, Polyesters"
Poly(ethylene adipate),,,,Polyesters
poly(ethylene furanoate),PEF,,,"Aromatic, Polyesters"
Poly(ethylene isophthalate),,,,Polyesters
Poly(ethylene phthalate),,,,Polyesters
Poly(ethylene sebacate),,,Poly(ethylene glycol sebacate),Polyesters
Poly(ethylene succinate),,,,Polyesters
Poly(ethylene sulfide),TR,,"Poly(thioethylene), Thiokol rubber, Thiokol®","Polyethers, Polythiols"
poly(ethylene terephthalate),PET,25038-59-9,,"Aromatic, Polyesters"
Poly(heptylethylene),,,Polyheptylethylene,Polyolefins
Poly(hexamethylene glycol),,,,Polyglycols
Poly(hexamethylene isophthalamide),PA 6I,,,"Aromatic, Polyamides"
Poly(hexamethylene teraphthalamide),PA 6T,,,"Polyamides, Polyglycols"
Poly(hexyl acrylate),,,Polyhexyl acrylate,Polyacrylates
Poly(hexyl cyanoacrylate),,,,Polycyanoacrylates
Poly(hexylethylene),,,Polyhexylethylene,Polyolefins
Poly(isobutyl acrylate),,,Polyisobutyl acrylate,Polyacrylates
Poly(isobutylethylene),"PMP, TPX",,Polyisobutylethylene,Polyolefins
Poly(isopropyl acrylate),,,,Polyacrylates
Poly(isopropyl methacrylate),,,,Polymethacrylates
Poly(isopropylethylene),,,Poly(isopentene),Polyolefins
poly(L-serine),PLS,25821-52-7,,"Polyamides, Protein based or Polypeptides"
poly(lactic acid),PLA,"51063-13-9, 26680-10-4, 34346-01-5",Polylactide,Polyesters
poly(m-phenylene isophthalamide),PPTI,25765-47-3,,"Aromatic, Polyamides"
Poly(m-phenylene terephthalamide),MPDI,,"Nomex,, Teijinconex","Aromatic, Polyamides"
Poly(methacrylimide),PMI,,Polymethacrylimide,"Polyacrylonitriles, Polymethacrylates"
Poly(methacrylonitrile),,,,Polyacrylonitriles
poly(methyl-5-oxanorbomene-2-carboxylate),,,,Others
poly(methyl acrylate),PMA,9003-21-8,,Polyacrylates
poly(methyl methacrylate-co-acrylonitrile-co-butadiene-co-styrene),MABS,9010-94-0,,"Other copolymers, Polyacrylonitriles, Polydienes & polydiene copolymers, Polymethacrylates, Polystyrenes"
Poly(methylene oxide-co-ethylene oxide),,,,"Other copolymers, Polyglycols"
Poly(methylene oxide-co-tetramethylene oxide),,,,"Other copolymers, Polyglycols"
Poly(N-acetylmethacrylamide),,,,"Polyacrylamides, Polymethacrylates"
Poly(N-benzyl methacrylamide),,,,"Polyacrylamides, Polymethacrylates"
Poly(n-decyl methacrylate),,,,Polymethacrylates
Poly(N-octyl acrylamide),,,,Polyacrylamides
Poly(n-octyl acrylate),,,,Polyacrylates
Poly(N-phenylacrylamide),,,,"Aromatic, Polyacrylamides"
Poly(N-sec-butylacrylamide),,,,Polyacrylamides
Poly(N-tert-butyl acrylamide),,,Poly[N-(2-methyl-2-propanyl)acrylamide],Polyacrylamides
Poly(N-tert-butylmethacrylamide),,,,"Polyacrylamides, Polymethacrylates"
poly(N-vinyl carbazole),PVK,25067-59-8,,Polyolefins
Poly(nonamethylene teraphthalamide),PA 9T,,,"Aromatic, Polyamides"
poly(O-benzyl-L-tyrosine),,,,"Aromatic, Polyamides, Protein based or Polypeptides"
Poly(octadecyl methacrylate),,,Poly(stearyl methacrylate),Polymethacrylates
Poly(octyl cyanoacrylate),,,,"Polyacrylates, Polycyanoacrylates"
Poly(octyl methacrylate),,,,Polymethacrylates
Poly(octylethylene),,,Polyoctylethylene,Polyolefins
poly(p-benzamide),PBA,24991-08-0; 55738-52-8,,"Aromatic, Polyamides"
poly(p-methylstyrene),PMS,24936-41-2,,"Aromatic, Polystyrenes"
poly(p-phenylene sulfide),PPS,25212-74-2;  26125-40-6,Polyphneylene sulphide,"Aromatic, Polythiols"
poly(p-phenylene terephthalamide),PPTA,24938-64-5; 26125-61-1,"Poly-paraphenylene terephthalamide, benzene-1,4-diamine;terephthalic acid, p-Phenylenediamine-terephthalic acid copolymer, Kevlar","Aromatic, Polyamides"
Poly(p-tetramethylenedibenzoic anhydride),,,"Poly(4,4'-tetramethylenedibenzoic anhydride)","Aromatic, Polyanhydrides"
Poly(pentylethylene),,,,Polyolefins
Poly(phenyl methacrylate),,,,"Aromatic, Polymethacrylates"
Poly(phenylene ether) polystyrene blend,MPPE,,,"Aromatic, Polyethers, Polyphenylenes, Polystyrenes"
poly(phenylene oxide),PPO,9041-80-9,"Polyphenylene ether, PPE","Aromatic, Polyethers, Polyphenylenes"
poly(phenylene sulfone),PPSU,31833-61-1; 877322-41-3,"PSU, polyphenylene sulfone","Aromatic, Polysulphones"
Poly(Phenylene Vinylene)s,,,Poly(P-Phenylene Vinylene)s,"Aromatic, Polyphenylenes"
Poly(phenylsulfone),"PPSU, PPSF",,"Poly(1,4-biphenyl ether ether sulfone), Polyphenylsulfone","Aromatic, Polyethers, Polysulphones"
Poly(propyl acrylate),,,Polypropyl acrylate,Polyacrylates
Poly(propyleneketone),PPK,,"Carilon®, Poketone™, Akrotek® PK",Polyketones
Poly(propylethylene),,,,Polyolefins
Poly(sec-butyl acrylate),,,,Polyacrylates
Poly(sec-butyl methacrylate),PsBMA,,,Polymethacrylates
poly(styrene-co-acrylonitrile),SAN,9003-54-7,"Styrene acrylonitrile copolymer, Styrene-acrylonitrile resin, Styrene-acrylonitrile copolymers","Aromatic, Other copolymers, Polyacrylates, Polyacrylonitriles, Polystyrenes"
poly(styrene-co-butadiene-co-methyl methacrylate),MBS,25053-09-2,Methyl methacrylate butadiene styrene copolymer blend,"Other copolymers, Polymethacrylates, Polystyrenes"
poly(styrene-co-butadiene),SBR,9003-55-8,"GR-S rubber, Styrene-butadiene, styrene butadiene rubber","Aromatic, Other copolymers, Polyolefins, Polystyrenes"
poly(styrene-co-methylmethacrylate),SMAA,25034-86-0,,"Aromatic, Other copolymers, Polymethacrylates, Polystyrenes"
poly(styrene-co-α-methylstyrene),PSMS,9011-11-4,,"Aromatic, Other copolymers, Polystyrenes"
Poly(terephthalate),PTP,,Polyterephthalate,"Aromatic, Polyesters"
Poly(tert-butyl acrylate),,25232-27-3,Polytert-butyl acrylate,Polyacrylates
Poly(tert-butyl methacrylate),,,,Polymethacrylates
Poly(tert-butylethylene),,,Polytert-butylethylene,Polyolefins
"poly(tetrafluoroethylene-co-2,2-bis(trifluoromethyl)-4,5-difluoro-1,3-dioxole)",PTFE-AF,37626-13-4; 187475-17-8,Teflon AF,"Halogenated, Other copolymers, Polyolefins"
Poly(tetramethyl Bisphenol A carbonate),TMPC,,,"Aromatic, Polycarbonates"
poly(tetramethylene glycol),PTMG,25190-06-1,,Polyglycols
Poly(tetramethylene isophthalate),,,"Poly(1,4-butylene isophthalate)","Aromatic, Polyesters"
Poly(Thioether Ketone and Sulfone)s,,,,"Polyethers, Polysulphones"
Poly(trimethylene glycol),,,,Polyglycols
poly(trimethylene terephthalate),PTT,26546-03-2; 26590-75-0; 36619-23-5,,"Aromatic, Polyesters"
poly(trimethylsilyl phosphate),PPSE,,,Polysilanes
Poly(vinyl bromide),,,Polyvinyl bromide,"Halogenated, Polyolefins"
poly(vinyl butyrate),PVB,63148-65-2; 24991-31-9,Polyvinyl butyral,"Polyvinyl ethers, -esters  & derivatives"
poly(vinyl chloride-co-vinyl acetate),PVCA,9003-22-9; 9003-20-7,polyvinyl chloride-co-vinyl acetate,"Halogenated, Other copolymers, Polyolefins, Polyvinyl ethers, -esters  & derivatives"
poly(vinyl chloride),PVC,9002-86-2,,"Halogenated, Polyolefins"
"poly(vinyl chloride), chlorinated",CPVC,68648-82-8,PVCC,"Halogenated, Polyolefins"
poly(vinyl fluoride),PVF,24981-14-4,polyvinyl fluoride,"Halogenated, Polyolefins"
Poly(vinyl Ketal)s,,,,"Polyvinyl ethers, -esters  & derivatives"
poly(vinylidene chloride),PVDC,9002-85-1,Polyvinylidene chloride,"Halogenated, Polyolefins"
poly(vinylidene fluoride-co-hexafluoropropylene),PVDF-HFP,9011-17-0,polyvinylidene fluoride-co-hexafluoropropylene,"Halogenated, Other copolymers, Polyolefins"
"poly(α-methyl, α-ethyl-β-propiolactone)",,,,Polyesters
Poly(α-methylstyrene),"PAMS, PαMS",,,"Aromatic, Polystyrenes"
"Poly[1,1-bis(chloromethyl)trimethylene oxide]",,,,"Halogenated, Polyglycols"
Poly[di(n-butyl) itaconate],,,,Polyitaconate
Poly[di(n-hexyl) itaconate],,,,Polyitaconate
Poly[di(n-propyl) itaconate],,,,Polyitaconate
"Poly[N,N'-(Sulfo-P-Phenylene) Terephthalamide]",,,,"Aromatic, Polyamides"
Poly[oxy(hexyloxymethyl)ethylene],,,,"Polyvinyl ethers, -esters  & derivatives"
polyacrylamide,PAAm,9003-05-8,,Polyacrylamides
polyacrylonitrile,PAN,25014-41-9; 63908-52-1,,Polyacrylonitriles
Polyalkanoates,,,,Polyesters
polyamide-11,PA-11,25035-04-5,"Poly(imino-1-oxoundecamethylene) OR Poly[imino(1-oxoundecane-1,11-diyl)] OR Rislan B",Polyamides
polyamide-12,PA-12,24937-16-4,"Poly(dodecano-12-lactam), Grilamid",Polyamides
polyamide-3,PA-3,24937-14-2,PA3,Polyamides
"polyamide-4,10","PA-4,10",26247-06-3,,Polyamides
"polyamide-4,6","PA-4,6",50327-22-5,"Poly[imino(1,6-dioxohexamethylene) iminotetramethylene], Nylon 4,6",Polyamides
polyamide-6,PA-6,25038-54-4,"Poly(azepan-2-one), poly(hexano-6-lactam), Minlon, Durethan",Polyamides
"polyamide-6,10","PA-6,10",9008-66-6,"Poly(iminosebacoyliminohexane-1,6-diyl), Poly(iminohexamethyleneiminosebacoyl)], Ultramid S, Zytel",Polyamides
"polyamide-6,12","PA-6,12",24936-74-1,"Poly(iminododecanedioyliminohexane-1,6-diyl), Poly(iminohexamethyleneiminododecanedioyl), Vestamid, Zytel",Polyamides
"polyamide-6,6","PA-6,6",32131-17-2,"Nylon 66, Poly[imino(1,6-dioxohexamethylene) iminohexamethylene], Poly(azanediyladipoylazanediylhexane-1,6-diyl), Poly(hexamethylene adipamide)",Polyamides
"polyamide-6,66","PA-6,66",24993-04-2,,Polyamides
polyamide-6I/6T,PA-6I/6T,25750-23-6,"Polyphthalamide terephtalic acid/hexamethylendiamine and isophtalic acid/hexamethylenediamine copolymer, PA6T/6I, copolymer of 1,6-hexamethylene diamine and isophthalic acid (6I) (70 wt %) and terephthalic acid (6T) (30 wt %)",Polyamides
"polyamide 6T/""DT""",PA-6T/DT,,Polyphthalamide terephtalic acid/methylpentanediamine (DT) repeat unit,Polyamides
polyamide 6T/66,PA-6T/66,,terephthalaic acid/hexamethylenediamine (6T) repeat unit,Polyamides
polyamide MXD6,PARA,25805-74-7 (MXD6); 902465-02-5 (IXEF 300); 1008793-20-1,,Polyamides
Polyamides,PA,,,Polyamides
polyarylate,PAR,39281-59-9,,"Aromatic, Polyesters"
Polyarylsiloxanes,,,,"Aromatic, Polysiloxanes"
polybenzimidazole,PBI,27233-57-4; 32075-68-6; 32109-42-5; 928655-57-6; 1073316-,poly(benzimidazole),Aromatic
polybenzoxazine,BZ,,,Aromatic
polybismaleimide,BMI,"62238-79-3, 26140-67-0",,"Aromatic, Polyimides"
polycarbodihydridosilane,PCS,74056-94-3,,"Polysaccarides, Polysilanes"
polycarbonate,PC,25037-45-0; 25766-59-0,,Polycarbonates
polychloroprene,CR,9010-98-4,"Chloroprene rubber, Poly(2-chloro-1,3-butadiene), Neoprene","Halogenated, Polydienes & polydiene copolymers"
Polychlorotrifluoroethylene,PCTFE,9002-83-9,Poly(chlorotrifluoroethylene),"Halogenated, Polyolefins"
polydicyclopentadiene,PDCPD,,,Others
Polyester,,,,Polyesters
polyethylene,PE,9002-88-4,"poly(ethylene), polythene, polymethylene, poly(methylene)",Polyolefins
"polyethylene, chlorinated",CPE,63231-66-3,PEC,"Halogenated, Polyolefins"
"polyethylene, chlorosulfonated",CSP,9008-08-6; 68037-39-8,"CSM, CSPE","Halogenated, Polyolefins"
polyhexahydrotriazine,PHT,,poly(hexahydrotriazine),Others
polyhydridosilsesquioxane,PHSQ,,,"Others, Polysiloxanes"
polyisobutylene,PIB,9003-27-4; 9003-29-6 (oligomers),Poly(isobutylene),Polyolefins
Polyisoprene,,,Poly(1-methyl-1-butenylene),Polydienes & polydiene copolymers
polyketone,PK,88995-51-1,,Polyketones
Polymercaptan,,,,Polythiols
polymethacrylonitrile,PMAN,25067-61-2,,Polyacrylonitriles
polymethylphenylsilylene,PMPS,76188-55-1,,"Aromatic, Others, Polysiloxanes"
polymethylsilsesquioxane,PMSQ,68554-70-1,,"Others, Polysiloxanes"
polynorbornene,PN,25038-76-0,,Polydienes & polydiene copolymers
Polyolefins,PO,,polyalkenes,Polyolefins
Polyoxymethylene,POM,"9002-81-7, 25231-38-3","Poly(oxymethylene), polyformaldehyde, polyacetal",Polyethers
polyphenylsilsesquioxane,PPSQ,51350-55-1,poly(phenylsilsesquioxane),"Aromatic, Others, Polysiloxanes"
polyphthalamide,PPA,25750-23-6; 27135-32-6,poly(phthalamide),"Aromatic, Polyamine"
polypropylene,PP,9003-07-0,,Polyolefins
polypropylene glycol,PPG,25322-69-4,,Polyethers
"Polypropylene, Atactic",APP,,Atactic PP,Polyolefins
"Polypropylene, Hemiisotactic",,,,Polyolefins
"polypropylene, isotactic","PP, iso",9003-07-0,,Polyolefins
"polypropylene, maleic anhydride modified",PPMA,25722-45-6,Poly(Styrene-Co-N-Alkylmaleimide)s,"Polyesters, Polyolefins"
"polypropylene, syndiotactic","PP,syndio",26063-22-9,,Polyolefins
"Polysaccharides, Synthetic",,,,Polysaccarides
Polysilanes,,,Poly(silanes),Polysilanes
Polysiloxanes,,,Silicone elastomers,Polysiloxanes
polysilylenemethylene,PSM,,,"Others, Polysilanes"
Polysilylpropynes,,,Poly(silylpropyne),"Others, Polysilanes"
polystyrene,PS,9003-53-6,,"Aromatic, Polystyrenes"
"Polystyrene, High Impact",,,,"Aromatic, Polystyrenes"
"polystyrene, isotactic","PS, iso",25086-18-4,,"Aromatic, Polystyrenes"
"Polystyrene, Stereoregular",,,,"Aromatic, Polystyrenes"
"polystyrene, syndiotactic","PS, trans",28325-75-9,,"Aromatic, Polystyrenes"
polysulfone,PSU,25135-51-7,Polysulphone,Polysulphones
Polyterpene Resins,,,,Other resins
polytetrafluoroethylene,PTFE,9002-84-0,,"Halogenated, Polyolefins"
Polythiol,,,,Polythiols
polyurethane,PU,"9009-54-5, 75701-44-9","poly(urethane), spandex, lycra, elastane",Polyurethanes
"Polyurethane Elastomers, Segmented",,,Polyurethane elastomers,Polyurethanes
Polyurethane fibres,,,,Polyurethanes
Polyurethane foams,,,,Polyurethanes
Polyurethane Ionomers,,,,Polyurethanes
Polyvinyltetrazoles,,,Poly(vinyltetrazoles),Others
Sebacic acid polyanhydride,,,Poly(sebacic anhydride),Polyanhydrides
silane-crosslinkable polyethylene,PEX,,,"Polyolefins, Polysilanes"
Silicone plastics,SI,,,Polysiloxanes
Silicone rubbers,SIR,,,Polysiloxanes
styrene-butadiene-styrene triblock copolymer,SBS,694491-73-1,Poly(styrene-butadiene-styrene),"Aromatic, Other copolymers, Polydienes & polydiene copolymers, Polystyrenes"
styrene-butadiene block copolymer,SBC,9003-55-8,,"Aromatic, Other copolymers, Polydienes & polydiene copolymers, Polystyrenes"
styrene-ethylene-butylene-styrene triblock copolymer,SEBS,308076-28-0,,"Other copolymers, Polyolefins, Polystyrenes"
styrene-isoprene-styrene block copolymer,SIS,308067-96-1,,"Aromatic, Other copolymers, Polydienes & polydiene copolymers, Polystyrenes"
"tetrafluoroethylene-perfluoro-3,6-dioxa-4-methyl-7-octenesulfonic acid copolymer",,,"ethanesulfonyl fluoride, 2-[1-[difluoro-[(trifluoroethenyl)oxy]methyl]-1,2,2,2-tetrafluoroethoxy]-1,1,2,2,-tetrafluoro-, with tetrafluoroethylene, Nafion, ethanesulfonyl fluoride, 2-[1-[difluoro-[(trifluoroethenyl)oxy]methyl]-1,2,2,2-tetrafluoroethoxy]-1,1,2,2,-tetrafluoro-, with tetrafluoroethylene","Halogenated, Other copolymers, Polyolefins, Polysulphones"
Tetrafluoroethylene perfluoropropyl vinyl ether copolymers,TFA,,PFA,"Halogenated, Other copolymers, Polyethers, Polyolefins"
Tetrafluoroethylene perfluoropropylene copolymers,PFEP,,,"Halogenated, Other copolymers, Polyolefins"
thermoplastic polyurethane,TPU,,,Polyurethanes
Thermoplastic Starch,TPS,,Starch Plastics,Polysaccarides
Toluenesulfonamide formaldehyde resin,,,Tosyl formaldehyde resin,"Aromatic, Other resins"
"trans-1,4-polybutadiene","PBD, trans",,,Polydienes & polydiene copolymers
trans-polyisoprene,"PIP, trans",,,Polydienes & polydiene copolymers
ultrahigh molecular weight polyethylene,UHMWPE,9002-88-4,,Polyolefins
ultralow density polyethylene,ULDPE,26221-73-8,,Polyolefins
unsaturated polyester,UP,92230-55-2; 654641-87-9,unsaturated polyester resins,"Other resins, Polyethers"
urea-formaldehyde resin,UF,9011-05-6; 68611-64-3; 68071-45-4,,Other resins
very highly branched polyethylene,POE,26221-73-8,,Polyolefins
Very low-density polyethylene,PEVLD,,VLDPE,Polyolefins
Vinyl chloride ethylene copolymers,VCE,,,"Halogenated, Other copolymers, Polyolefins"
vinyl ester resin,VE,36425-15-7; 68002-44-8; 926021-66-1; 877997-30-3; 855482-93-8; 848485-23-4; 208520-04-1,,Other resins
carrageenan,CAR,"9000-7-1,9000-07-1",,Polysaccarides
Chitin,,,,Polysaccarides
chitosan,CHI,9012-76-4,,Polysaccarides
gelatin,GEL,9000-70-8,,Protein based or Polypeptides
Guar gum,,,E-412,Polysaccarides
Tragacanth gum,GT,9000-65-1,,Polysaccarides
Hemicellulose,,,,Polysaccarides
Lignin,,,,Polyethers
Maltodextrine,,,,Polyethers
Natural rubber,,,,Polycyanoacrylates
Polypeptides,,,,Protein based or Polypeptides
Polysaccarides,,,,Polysaccarides
Polysilazanes,,,Poly(silazanes),Protein based or Polypeptides
proteins,PR,"9010-10-0, 70084-87-6",Protein-Based Polymeric Materials,Protein based or Polypeptides
Silk,,,,Polysaccarides
xanthan gum,XG,11138-66-2,E-415,Polysaccarides
Cellulose,C,9004-34-6,,Polysaccarides
